,amenity,lat,lon,name,tags,timestamp,tim_index,_id,driveThruLaneType,franchiseGroupId,frontCounterClosed,hasBreakfast,hasCurbside,hasDineIn,hasDelivery,hasMobileOrdering,hasTakeOut,hasWifi,latitude,longitude,mobileOrderingStatus,addr,number,parkingType,phoneNumber,Unnamed: 34,tags_len
0,0,49.1935797,-123.1807883,Tim Hortons,"{u'cuisine': u'coffee_shop', u'level': u'0', u'brand': u'Tim Hortons', u'indoor': u'yes', u'brand:wikidata': u'Q175106', u'takeaway': u'yes', u'brand:wikipedia': u'en:Tim Hortons'}",2019-09-14 12:00:22,190,restaurant_67542,2,101193.0,0,0,0,0,1,0,1,0,49.19341,-123.18152099999999,0,"3880 GRANT McCONACHIE WAY RICHMOND, British Columbia V7B 0A5 - Canada",101625,1,6042313731,,7
1,0,49.2284004,-122.8483834,Tim Hortons,"{u'addr:housenumber': u'1450', u'cuisine': u'coffee_shop', u'opening_hours': u'24/7', u'brand': u'Tim Hortons', u'brand:wikidata': u'Q175106', u'takeaway': u'yes', u'brand:wikipedia': u'en:Tim Hortons', u'addr:street': u'United Boulevard'}",2019-11-20 19:48:37,83,restaurant_68278,0,101343.0,0,1,0,0,1,1,1,1,49.22867,-122.84850800000001,1,"1450 UNITED BLVD COQUITLAM, British Columbia V3K 6Y2 - Canada",102403,1,6045154252,,8
2,0,49.212449,-122.9197493,Tim Hortons,"{u'website': u'https://www.timhortons.com/', u'cuisine': u'coffee_shop', u'brand': u'Tim Hortons', u'source': u'gps/photo survey', u'brand:wikidata': u'Q175106', u'takeaway': u'yes', u'operator': u'Restaurant Brands International Inc.', u'brand:wikipedia': u'en:Tim Hortons'}",2019-07-02 08:10:30,101,restaurant_67920,2,100049.0,0,1,0,0,1,1,1,1,49.212472999999996,-122.91956200000001,1,"524 6TH STREET NEW WESTMINSTER, British Columbia V3L 3B4 - Canada",102257,3,6045191294,,8
3,0,49.0919518,-122.9576502,Tim Hortons,"{u'cuisine': u'coffee_shop', u'brand': u'Tim Hortons', u'brand:wikipedia': u'en:Tim Hortons', u'brand:wikidata': u'Q175106', u'takeaway': u'yes'}",2019-08-02 08:26:08,106,restaurant_68011,0,100843.0,0,1,0,0,1,1,1,1,49.092007,-122.95768899999999,1,"9591 LADNER TRUNK ROAD DELTA, British Columbia V4K 3N3 - Canada",102163,1,6045900766,,5
4,0,49.2731066,-123.1007271,Tim Hortons,"{u'addr:housenumber': u'195', u'cuisine': u'coffee_shop', u'addr:city': u'Vancouver', u'brand': u'Tim Hortons', u'brand:wikidata': u'Q175106', u'takeaway': u'yes', u'brand:wikipedia': u'en:Tim Hortons', u'addr:street': u'Terminal Avenue'}",2020-02-06 04:20:15,153,restaurant_75916,2,101388.0,0,0,0,0,1,1,1,0,49.272901,-123.101653,1,"195 TERMINAL AVENUE VANCOUVER, British Columbia V6A 4C4 - Canada",107343,0,604-806-5256,,8
5,0,49.2387806,-123.0316319,Tim Hortons,"{u'website': u'https://www.timhortons.com/', u'cuisine': u'coffee_shop', u'addr:city': u'Vancouver', u'opening_hours': u'24/7', u'wheelchair': u'yes', u'addr:housenumber': u'5055', u'phone': u'+1-604-433-3354', u'addr:street': u'Joyce Street', u'brand:wikidata': u'Q175106', u'takeaway': u'yes', u'smoking': u'no', u'internet_access': u'wlan', u'brand': u'Tim Hortons', u'brand:wikipedia': u'en:Tim Hortons'}",2019-07-07 10:58:25,127,restaurant_69987,2,101992.0,0,1,0,0,1,1,1,1,49.238989000000004,-123.03114599999999,1,"5055 JOYCE ST VANCOUVER, British Columbia V5R 4G7 - Canada",105568,3,6044333354,,14
6,0,49.285902899999996,-123.1249177,Tim Hortons,"{u'addr:housenumber': u'1150', u'cuisine': u'coffee_shop', u'brand': u'Tim Hortons', u'brand:wikidata': u'Q175106', u'takeaway': u'yes', u'brand:wikipedia': u'en:Tim Hortons', u'addr:street': u'Alberni Street'}",2019-08-28 14:25:01,176,restaurant_67717,2,101696.0,0,1,0,0,1,1,1,1,49.28645,-123.12468100000001,1,"1150 ALBERNI STREET VANCOUVER, British Columbia V6E 4R6 - Canada",101952,0,6046090348,,7
7,0,49.1767616,-122.689973,Tim Hortons,"{u'addr:housenumber': u'19218', u'opening_hours': u'24/7', u'internet_access': u'wlan', u'addr:street': u'96 Avenue'}",2017-02-16 16:54:01,44,restaurant_69189,0,101899.0,1,1,0,0,1,1,1,1,49.17699,-122.689955,1,"19218 96TH AVENUE Surrey, British Columbia V4N 4C4 - Canada",103676,2,6045139933,,4
8,1,49.2262222,-123.1287693,Tim Hortons,{u'name:en': u'Tim Hortons'},2016-10-24 13:57:21,171,restaurant_68450,2,101768.0,0,1,0,0,1,1,1,0,49.226378000000004,-123.128643,1,"6525 OAK ST VANCOUVER, British Columbia V6P 3Z3 - Canada",102744,1,6042611062,,1
9,0,49.257451,-122.7437942,Tim Hortons,"{u'cuisine': u'coffee_shop', u'name:en': u'Tim Hortons', u'brand': u'Tim Hortons', u'brand:wikidata': u'Q175106', u'takeaway': u'yes', u'brand:wikipedia': u'en:Tim Hortons'}",2019-09-11 01:06:48,50,restaurant_69145,1,102064.0,1,1,1,1,0,1,1,0,49.257426,-122.74401599999999,1,"1097 NICOLA AVENUE PORT COQUITLAM, British Columbia V3B 8B2 - Canada",103765,2,6044686200,,6
10,0,49.1328835,-122.846132,Tim Hortons,"{u'addr:housenumber': u'7195', u'cuisine': u'coffee_shop', u'brand': u'Tim Hortons', u'brand:wikidata': u'Q175106', u'takeaway': u'yes', u'brand:wikipedia': u'en:Tim Hortons', u'addr:street': u'King George Boulevard'}",2019-08-24 07:12:34,75,restaurant_68152,0,100775.0,0,1,0,0,1,1,1,0,49.132963000000004,-122.846198,1,"7195 KING GEORGE HWY SURREY, British Columbia V3W 5A4 - Canada",102530,1,6045077678,,7
11,0,49.0513372,-122.691921,Tim Hortons,"{u'addr:housenumber': u'2711', u'opening_hours': u'24/7', u'internet_access': u'wlan', u'addr:street': u'192 Street'}",2017-02-16 16:51:53,41,restaurant_69827,0,100953.0,0,1,0,0,1,1,1,1,49.051398,-122.691905,1,"2711 192ND ST SURREY, British Columbia V3S 3X1 - Canada",104510,1,6045364775,,4
12,0,49.2635191,-123.1231332,Tim Hortons,"{u'cuisine': u'coffee_shop', u'brand': u'Tim Hortons', u'brand:wikipedia': u'en:Tim Hortons', u'brand:wikidata': u'Q175106', u'takeaway': u'yes'}",2019-08-30 01:18:41,169,restaurant_67872,2,100756.0,0,1,0,0,1,1,1,1,49.263325,-123.12303899999999,1,"865 WEST BROADWAY VANCOUVER, British Columbia V5Z 1J9 - Canada",102305,0,6048720348,,5
13,0,49.2254283,-122.9974687,Tim Hortons,"{u'cuisine': u'coffee_shop', u'name:en': u'Tim Hortons', u'level': u'1', u'brand': u'Tim Hortons', u'brand:wikidata': u'Q175106', u'takeaway': u'yes', u'brand:wikipedia': u'en:Tim Hortons'}",2019-05-27 10:58:18,114,restaurant_66552,2,100401.0,0,1,0,0,1,1,1,0,49.225674,-122.997005,1,"4820 KINGSWAY ST BURNABY, British Columbia V5H 4P1 - Canada",100407,0,6044397410,,7
14,1,49.3050257,-123.0144026,Tim Hortons,{},2016-09-12 06:53:35,123,restaurant_70081,2,101866.0,0,1,0,0,1,1,1,0,49.305091,-123.01443300000001,1,"2177 DOLLARTON HWY - ESSO OTR NORTH VANCOUVER, British Columbia V7H 3A7 - Canada",105320,1,6049294209,,0
15,0,49.1047469,-122.7990471,Tim Hortons,"{u'addr:housenumber': u'15255', u'opening_hours': u'24/7', u'addr:street': u'Highway 10', u'internet_access': u'wlan', u'cuisine': u'donut'}",2017-02-16 16:54:56,64,restaurant_68477,0,102049.0,0,1,0,0,1,1,1,1,49.104826,-122.79865900000001,1,"15255 10 HWY SURREY, British Columbia V3S 0X9 - Canada",102716,1,6045758338,,5
16,1,49.1692142,-122.9585182,Tim Hortons,"{u'addr:housenumber': u'1359', u'cuisine': u'regional', u'internet_access': u'wlan', u'addr:street': u'Cliveden Avenue'}",2017-02-14 05:58:10,108,restaurant_67396,0,101343.0,1,1,0,0,1,1,1,1,49.169121000000004,-122.95848799999999,1,"1359 CLIVEDEN AVE DELTA, British Columbia V3M 6C7 - Canada",101776,1,6045266635,,4
17,1,49.2601863,-123.2483972,Tim Hortons,{u'wheelchair': u'yes'},2011-02-24 04:41:46,194,restaurant_68713,2,102103.0,0,0,0,0,1,0,1,0,49.260169,-123.248364,0,"2424 MAIN HALL VANCOUVER, British Columbia V6T 1Z2 - Canada",102982,1,6048221953,,1
18,0,49.2347512,-123.1582643,Tim Hortons,"{u'cuisine': u'coffee_shop', u'opening_hours': u'24/7', u'brand': u'Tim Hortons', u'brand:wikidata': u'Q175106', u'takeaway': u'yes', u'brand:wikipedia': u'en:Tim Hortons'}",2019-12-27 06:15:17,186,restaurant_70014,2,102683.0,0,1,0,0,1,1,1,1,49.234698,-123.15812700000001,1,"2225 41st Ave W VANCOUVER, British Columbia V6M 2A3 - Canada",105517,3,6042648333,,6
19,0,49.0953173,-122.6241169,Tim Hortons,"{u'addr:housenumber': u'21612', u'cuisine': u'coffee_shop', u'drive_through': u'yes', u'brand': u'Tim Hortons', u'phone': u'+1-604-533-1606', u'brand:wikidata': u'Q175106', u'takeaway': u'yes', u'addr:street': u'Fraser Highway', u'brand:wikipedia': u'en:Tim Hortons'}",2019-09-24 03:13:59,26,restaurant_67348,0,101899.0,1,1,0,0,1,1,1,0,49.095335999999996,-122.62404599999999,1,"21612 FRASER HIGHWAY LANGLEY, British Columbia V3A 4G9 - Canada",101258,1,6045331606,,9
20,0,49.1623763,-122.6603266,Tim Hortons,"{u'addr:housenumber': u'20250', u'cuisine': u'coffee_shop', u'addr:street': u'88 Avenue', u'phone': u'+1-604-888-7101', u'brand:wikidata': u'Q175106', u'takeaway': u'yes', u'internet_access': u'wlan', u'brand': u'Tim Hortons', u'brand:wikipedia': u'en:Tim Hortons'}",2019-09-24 03:13:22,30,restaurant_68654,0,101692.0,1,1,0,0,1,1,1,1,49.162372,-122.660294,1,"20250 88TH AVENUE LANGLEY, British Columbia V2Y 2B9 - Canada",103042,1,6048887101,,9
21,0,49.1196856,-122.6912218,Tim Hortons,"{u'addr:housenumber': u'19171', u'cuisine': u'coffee_shop', u'opening_hours': u'24/7', u'addr:street': u'Fraser Highway', u'phone': u'+1-604-574-1812', u'brand:wikidata': u'Q175106', u'takeaway': u'yes', u'internet_access': u'wlan', u'brand': u'Tim Hortons', u'brand:wikipedia': u'en:Tim Hortons'}",2019-06-03 10:16:01,43,restaurant_70245,0,101211.0,0,1,0,0,1,1,1,1,49.119741999999995,-122.691057,1,"19171 FRASER HWY SURREY, British Columbia V3S 7H2 - Canada",106270,1,6045741812,,10
22,0,49.1247605,-122.7048284,Tim Hortons,"{u'addr:housenumber': u'18682', u'cuisine': u'coffee_shop', u'opening_hours': u'24/7', u'addr:street': u'Fraser Highway', u'phone': u'+1-778-571-0394', u'brand:wikidata': u'Q175106', u'takeaway': u'yes', u'internet_access': u'wlan', u'brand': u'Tim Hortons', u'brand:wikipedia': u'en:Tim Hortons'}",2019-09-04 10:34:36,45,restaurant_68619,0,101211.0,0,1,0,0,1,1,1,1,49.124598999999996,-122.70468899999999,1,"18682 FRASER HWY SURREY, British Columbia V3S 7Y4 - Canada",103077,1,7785710394,,10
23,0,49.1636149,-122.8780219,Tim Hortons,"{u'addr:housenumber': u'12467', u'cuisine': u'coffee_shop', u'opening_hours': u'24/7', u'addr:street': u'88 Avenue', u'brand:wikidata': u'Q175106', u'takeaway': u'yes', u'smoking': u'no', u'internet_access': u'wlan', u'brand': u'Tim Hortons', u'brand:wikipedia': u'en:Tim Hortons'}",2019-06-25 09:54:10,86,restaurant_69657,0,101395.0,1,1,0,0,1,1,1,1,49.163636,-122.87801999999999,1,"12467 88TH AVENUE SURREY, British Columbia V3W 1P8 - Canada",105038,2,6045943211,,10
24,0,49.150248500000004,-122.8899397,Tim Hortons,"{u'addr:housenumber': u'8080', u'cuisine': u'coffee_shop', u'opening_hours': u'24/7', u'addr:street': u'Scott Road', u'brand:wikidata': u'Q175106', u'takeaway': u'yes', u'internet_access': u'wlan', u'brand': u'Tim Hortons', u'brand:wikipedia': u'en:Tim Hortons'}",2019-06-25 04:43:20,91,restaurant_66512,2,101510.0,0,1,0,0,0,1,1,1,49.150166,-122.890025,1,"8080 120TH ST SURREY, British Columbia V3W 3N3 - Canada",100458,1,6045990589,,9
25,0,49.2506688,-122.8967172,Tim Hortons,"{u'cuisine': u'coffee_shop', u'name:en': u'Tim Hortons', u'brand': u'Tim Hortons', u'brand:wikidata': u'Q175106', u'takeaway': u'yes', u'brand:wikipedia': u'en:Tim Hortons'}",2019-09-27 19:21:02,97,restaurant_69094,2,100438.0,0,1,0,0,1,1,1,1,49.250638,-122.896681,1,"9855 AUSTIN ROAD BURNABY, British Columbia V3J 1N4 - Canada",103102,1,6044202027,,6
26,0,49.3232543,-123.1137594,Tim Hortons,"{u'cuisine': u'coffee_shop', u'drive_through': u'no', u'brand': u'Tim Hortons', u'outdoor_seating': u'no', u'delivery': u'no', u'brand:wikidata': u'Q175106', u'takeaway': u'yes', u'brand:wikipedia': u'en:Tim Hortons'}",2019-09-12 23:34:50,167,restaurant_66647,2,101839.0,0,1,0,0,1,1,1,1,49.323498,-123.11374599999999,1,"1409 MARINE DRIVE NORTH VANCOUVER, British Columbia V7P 1T5 - Canada",100863,1,6049838729,,8
27,1,49.0475644,-122.3443764,Tim Hortons Drive Thru,"{u'phone': u'+1-604-853-0085', u'drive_through': u'yes', u'ref': u'Restaurant #106400'}",2018-06-20 22:12:30,14,restaurant_76065,0,101039.0,0,1,0,0,0,1,0,0,49.0475,-122.3441,1,"31755 South Fraser Way Abbotsford, British Columbia V2T 1V2 - Canada",106400,0,604 853 0085,,3
28,0,49.2788724,-122.7975011,Tim Hortons,"{u'cuisine': u'coffee_shop', u'brand': u'Tim Hortons', u'brand:wikipedia': u'en:Tim Hortons', u'brand:wikidata': u'Q175106', u'takeaway': u'yes'}",2020-01-17 15:58:29,70,restaurant_69755,2,101655.0,0,1,0,0,1,1,1,0,49.278634000000004,-122.79799999999999,1,"2929 BARNET HWY COQUITLAM, British Columbia V3B 5R5 - Canada",104813,1,6049444813,,5
29,0,49.2274236,-122.9999891,Tim Hortons,"{u'website': u'https://www.timhortons.com/', u'cuisine': u'coffee_shop', u'drive_through': u'no', u'level': u'0', u'opening_hours': u'Su-Sa 06:30-23:00', u'wheelchair': u'yes', u'addr:housenumber': u'4700', u'delivery': u'no', u'phone': u'+1-604-439-0027', u'brand:wikidata': u'Q175106', u'takeaway': u'yes', u'smoking': u'no', u'addr:street': u'Kingsway', u'brand': u'Tim Hortons', u'brand:wikipedia': u'en:Tim Hortons'}",2019-06-18 06:21:22,115,restaurant_69556,2,100025.0,0,1,0,0,1,1,1,1,49.227431,-122.999905,1,"4700 KINGSWAY BURNABY, British Columbia V5H 4N2 - Canada",103952,1,6044390027,,15
30,1,49.2311162,-123.0904218,Tim Hortons,{},2018-08-19 23:42:11,146,restaurant_75897,2,102683.0,0,1,0,0,1,1,1,1,49.231128000000005,-123.090429,1,"5896 Fraser Street Vancouver, British Columbia V5W 2Z5 - Canada",107387,0,778-996-5896,,0
31,0,49.2266652,-123.0049363,Tim Hortons,"{u'cuisine': u'coffee_shop', u'name:en': u'Tim Hortons', u'brand': u'Tim Hortons', u'brand:wikidata': u'Q175106', u'takeaway': u'yes', u'brand:wikipedia': u'en:Tim Hortons'}",2019-06-18 06:21:22,116,restaurant_69891,2,100821.0,0,1,0,0,1,1,1,1,49.226721999999995,-123.00505700000001,1,"6200 MCKAY AVENUE BURNABY, British Columbia V5H 4L7 - Canada",105867,1,6044343391,,6
32,0,49.1999678,-122.9802018,Tim Hortons,"{u'addr:housenumber': u'7380', u'cuisine': u'coffee_shop', u'brand': u'Tim Hortons', u'brand:wikidata': u'Q175106', u'takeaway': u'yes', u'brand:wikipedia': u'en:Tim Hortons'}",2019-08-06 01:21:14,112,restaurant_68717,0,100438.0,0,1,0,0,1,1,1,1,49.199921,-122.98029,1,"7380 MARKET CROSSING MARINE WY BURNABY, British Columbia V5J 3H6 - Canada",102978,2,6044560331,,6
33,0,49.0889611,-122.5995001,Tim Hortons,"{u'cuisine': u'coffee_shop', u'opening_hours': u'24/7', u'brand': u'Tim Hortons', u'brand:wikidata': u'Q175106', u'takeaway': u'yes', u'brand:wikipedia': u'en:Tim Hortons'}",2019-11-20 20:38:19,23,restaurant_69519,0,101899.0,1,1,0,0,1,1,1,1,49.089055,-122.59963400000001,1,"22525 FRASER HWY LANGLEY, British Columbia V2Z 2T5 - Canada",104020,2,6045332225,,6
34,0,49.2170824,-122.6017268,Tim Hortons,"{u'addr:housenumber': u'11811', u'cuisine': u'coffee_shop', u'addr:city': u'Maple Ridge', u'brand': u'Tim Hortons', u'brand:wikidata': u'Q175106', u'takeaway': u'yes', u'brand:wikipedia': u'en:Tim Hortons', u'addr:street': u'224 Street'}",2019-09-24 22:53:15,25,restaurant_68986,2,101982.0,0,1,0,0,1,1,1,1,49.217535999999996,-122.602001,1,"11811 224TH ST MAPLE RIDGE, British Columbia V2X 0P1 - Canada",103210,1,6044668001,,8
35,0,49.2207153,-122.5854669,Tim Hortons,"{u'addr:housenumber': u'22987', u'cuisine': u'coffee_shop', u'addr:city': u'Maple Ridge', u'brand': u'Tim Hortons', u'brand:wikidata': u'Q175106', u'takeaway': u'yes', u'brand:wikipedia': u'en:Tim Hortons', u'addr:street': u'Dewdney Trunk Road'}",2020-04-24 08:54:00,24,restaurant_67866,0,101152.0,0,1,0,0,1,1,1,1,49.220632,-122.58549199999999,1,"22899-22987 DEWDNEY TRUNK RD MAPLE RIDGE, British Columbia V2X 3H8 - Canada",101803,2,6044660671,,8
36,0,49.0605339,-122.7362321,Tim Hortons,"{u'addr:housenumber': u'3233', u'name:en': u'Tim Hortons', u'addr:street': u'176 Street'}",2017-02-26 05:57:30,47,restaurant_69390,0,102049.0,0,1,0,0,0,1,1,0,49.060726,-122.736005,1,"3233 176TH STREET SURREY, British Columbia V3S 0L5 - Canada",104373,1,6045418001,,3
37,0,49.036598,-122.2939306,Tim Hortons,"{u'website': u'https://www.timhortons.com/ca/en/locations/get-directions.php?id=100827', u'cuisine': u'coffee_shop', u'drive_through': u'yes', u'opening_hours': u'05:00-23:00', u'brand': u'Tim Hortons', u'brand:wikidata': u'Q175106', u'takeaway': u'yes', u'ref': u'100827', u'brand:wikipedia': u'en:Tim Hortons'}",2019-06-18 06:11:39,6,restaurant_66677,0,101327.0,1,0,0,0,1,1,1,0,49.036777,-122.293784,1,"1915 MCCALLUM ROAD ABBOTSFORD, British Columbia V2S 3N1 - Canada",100827,1,6048558822,,9
38,0,49.3338382,-123.0384328,Tim Hortons,"{u'cuisine': u'coffee_shop', u'drive_through': u'yes', u'brand': u'Tim Hortons', u'outdoor_seating': u'no', u'delivery': u'no', u'brand:wikidata': u'Q175106', u'takeaway': u'yes', u'brand:wikipedia': u'en:Tim Hortons'}",2019-07-08 05:34:44,134,restaurant_68117,0,101839.0,0,1,0,0,1,1,1,0,49.333738000000004,-123.038444,1,"2747 MOUNTAIN HWY NORTH VANCOUVER, British Columbia V7J 2N7 - Canada",102053,1,6049869114,,8
39,0,49.2893869,-123.1388596,Tim Hortons,"{u'addr:housenumber': u'1001', u'cuisine': u'coffee_shop', u'brand': u'Tim Hortons', u'brand:wikidata': u'Q175106', u'takeaway': u'yes', u'brand:wikipedia': u'en:Tim Hortons', u'addr:street': u'Denman Street'}",2019-08-30 01:02:26,183,restaurant_75759,2,100008.0,0,0,0,0,1,1,1,0,49.28938,-123.13883,1,"1001 Denman St Vancouver, British Columbia V6G 2M4 - Canada",107665,0,6045598467,,7
40,0,49.1038253,-122.726644,Tim Hortons,"{u'addr:housenumber': u'17878', u'cuisine': u'coffee_shop', u'opening_hours': u'24/7', u'addr:street': u'56 Avenue', u'brand:wikidata': u'Q175106', u'takeaway': u'yes', u'internet_access': u'wlan', u'brand': u'Tim Hortons', u'brand:wikipedia': u'en:Tim Hortons'}",2019-09-24 03:11:19,46,restaurant_68806,0,100953.0,1,1,0,0,1,1,1,1,49.103914,-122.726684,1,"17888 56 AVENUE CLOVERDALE, British Columbia V3S 1C7 - Canada",102889,1,6045754774,,9
41,0,49.2860889,-123.1163367,Tim Hortons,"{u'addr:housenumber': u'490', u'cuisine': u'coffee_shop', u'brand': u'Tim Hortons', u'brand:wikidata': u'Q175106', u'takeaway': u'yes', u'brand:wikipedia': u'en:Tim Hortons', u'addr:street': u'Hornby Street'}",2019-07-15 03:19:12,163,restaurant_68081,2,101696.0,0,1,0,0,1,1,1,1,49.284867,-123.115802,1,"750 WEST PENDER ST VANCOUVER, British Columbia V6C 2T7 - Canada",102089,0,6046320348,,7
42,0,49.2832205,-123.1155257,Tim Hortons,"{u'addr:housenumber': u'607', u'cuisine': u'coffee_shop', u'addr:city': u'Vancouver', u'addr:street': u'Dunsmuir Street', u'internet_access:fee': u'no', u'brand:wikidata': u'Q175106', u'takeaway': u'yes', u'internet_access': u'wlan', u'brand': u'Tim Hortons', u'brand:wikipedia': u'en:Tim Hortons'}",2019-09-19 06:00:49,162,restaurant_68276,2,101452.0,0,1,0,0,1,1,1,1,49.283081,-123.11568500000001,1,"607 DUNSMUIR ST. VANCOUVER, British Columbia V6B 1Y7 - Canada",102405,3,6046090865,,10
43,0,49.111784,-122.6767069,Tim Hortons,"{u'addr:housenumber': u'19712', u'cuisine': u'coffee_shop', u'drive_through': u'yes', u'addr:street': u'Fraser Highway', u'brand:wikidata': u'Q175106', u'takeaway': u'yes', u'internet_access': u'no', u'brand': u'Tim Hortons', u'brand:wikipedia': u'en:Tim Hortons'}",2019-06-07 20:28:04,37,restaurant_67018,0,101211.0,0,1,0,0,1,1,1,0,49.111909999999995,-122.67665600000001,1,"19712 FRASER HWY LANGLEY, British Columbia V3A 4C7 - Canada",101033,1,6045334905,,9
44,0,49.2870412,-123.1283167,Tim Hortons,"{u'addr:housenumber': u'1299', u'cuisine': u'coffee_shop', u'brand': u'Tim Hortons', u'brand:wikidata': u'Q175106', u'takeaway': u'yes', u'brand:wikipedia': u'en:Tim Hortons'}",2019-08-30 00:59:17,178,restaurant_69952,2,102683.0,0,1,0,0,1,1,1,1,49.286867,-123.128445,1,"1299 ROBSON ST. VANCOUVER, British Columbia V6E 1C2 - Canada",105763,2,6046812000,,6
45,0,49.2593387,-123.0445903,Tim Hortons,"{u'addr:housenumber': u'2889', u'addr:unit': u'107', u'addr:city': u'Vancouver', u'addr:postcode': u'V5M 4T5', u'internet_access': u'wlan', u'addr:street': u'East 12th Avenue'}",2019-09-13 20:57:03,133,restaurant_75919,2,101126.0,0,0,0,0,1,1,1,0,49.2594,-123.04495,1,"2889 EAST 12TH AVENUE Vancouver, British Columbia V5M 4T5 - Canada",107336,0,6046205044,,6
46,0,49.0601698,-122.4932153,Tim Hortons,"{u'cuisine': u'coffee_shop', u'drive_through': u'yes', u'brand': u'Tim Hortons', u'brand:wikidata': u'Q175106', u'takeaway': u'yes', u'brand:wikipedia': u'en:Tim Hortons'}",2020-01-16 05:07:58,18,restaurant_66693,0,101902.0,0,1,0,0,1,1,1,1,49.059886999999996,-122.491805,1,"26431 FRASER HIGHWAY ALDERGROVE, British Columbia V4W 3E2 - Canada",100809,2,6048575337,,6
47,0,49.1989622,-122.7772807,Tim Hortons,"{u'website': u'https://locations.timhortons.com/ca/bc/surrey/16033-108th-ave.html', u'cuisine': u'coffee_shop', u'addr:unit': u'101', u'addr:city': u'Surrey', u'addr:postcode': u'V4N 1P2', u'brand': u'Tim Hortons', u'addr:housenumber': u'16033', u'opening_hours': u'Mo-Su 07:00-23:00', u'brand:wikidata': u'Q175106', u'takeaway': u'yes', u'smoking': u'no', u'addr:street': u'108 Avenue', u'brand:wikipedia': u'en:Tim Hortons'}",2019-09-13 20:57:03,59,restaurant_66974,2,101486.0,0,1,0,0,1,1,1,1,49.198980999999996,-122.777662,1,"16033 108th AVE SURREY, British Columbia V4N 1P2 - Canada",101095,1,6045832351,,13
48,0,49.2329446,-123.0653099,Tim Hortons,"{u'addr:housenumber': u'5698', u'cuisine': u'coffee_shop', u'addr:city': u'Vancouver', u'addr:province': u'BC', u'brand': u'Tim Hortons', u'brand:wikidata': u'Q175106', u'takeaway': u'yes', u'brand:wikipedia': u'en:Tim Hortons', u'addr:street': u'Victoria Drive'}",2019-11-09 13:01:37,138,restaurant_75766,2,102683.0,0,1,0,0,1,1,1,1,49.23338,-123.065774,1,"5698 Victoria Drive Vancouver, British Columbia V5P 3W4 - Canada",107653,0,6043647653,,9
49,1,49.0343991,-122.3366937,Tim Hortons,"{u'opening_hours': u'24/7', u'drive_through': u'yes'}",2018-05-02 13:36:52,10,restaurant_70189,0,101902.0,0,1,0,0,0,0,0,0,49.034490999999996,-122.336757,0,"1794 CLEARBROOK ROAD SOUTH ABBOTSFORD, British Columbia V2T 5X5 - Canada",106410,1,7788563366,,2
50,1,49.2209888,-122.6621765,Tim Hortons,{},2014-01-18 18:09:42,38,restaurant_67763,0,101982.0,0,1,0,1,1,1,1,1,49.220898,-122.66231200000001,1,"20201 LOUGHEED HIGHWAY MAPLE RIDGE, British Columbia V2X 2P6 - Canada",101912,1,6044652002,,0
51,0,49.1338527,-122.6674407,Tim Hortons,"{u'addr:housenumber': u'7272', u'cuisine': u'coffee_shop', u'addr:street': u'200 Street', u'phone': u'+1-604-530-4902', u'brand:wikidata': u'Q175106', u'takeaway': u'yes', u'internet_access': u'no', u'brand': u'Tim Hortons', u'brand:wikipedia': u'en:Tim Hortons'}",2020-01-25 23:51:11,32,restaurant_68807,0,101211.0,0,1,0,0,1,1,1,1,49.1343,-122.66763200000001,1,"7272 200TH STREET LANGLEY, British Columbia V2Y 1S7 - Canada",102888,1,6045304902,,9
52,0,49.1918172,-123.168934,Tim Hortons,"{u'website': u'https://www.timhortons.com/ca/en/locations/get-directions.php?id=105362', u'cuisine': u'coffee_shop', u'addr:unit': u'109', u'brand': u'Tim Hortons', u'brand:wikidata': u'Q175106', u'takeaway': u'yes', u'brand:wikipedia': u'en:Tim Hortons'}",2019-05-30 00:30:26,187,restaurant_70058,2,101768.0,0,1,0,0,1,1,1,1,49.192254999999996,-123.169156,1,"109-5000 MILLER RD RICHMOND, British Columbia V7B 1K6 - Canada",105362,2,6042781210,,7
53,0,49.0899262,-123.0447984,Tim Hortons,"{u'cuisine': u'coffee_shop', u'opening_hours': u'Mo-Su 05:30-23:30', u'brand': u'Tim Hortons', u'brand:wikidata': u'Q175106', u'takeaway': u'yes', u'brand:wikipedia': u'en:Tim Hortons'}",2019-09-12 04:25:18,124,restaurant_76149,0,101717.0,0,1,0,0,1,1,1,1,49.089819,-123.044749,1,"6460 Ladner DELTA, British Columbia V4K 3N3 - Canada",105924,1,778-630-8355,,6
54,0,49.1887678,-122.8025894,Tim Hortons,"{u'addr:housenumber': u'10335', u'cuisine': u'coffee_shop', u'brand': u'Tim Hortons', u'brand:wikidata': u'Q175106', u'takeaway': u'yes', u'brand:wikipedia': u'en:Tim Hortons', u'addr:street': u'152 Street'}",2019-08-23 18:23:31,68,restaurant_69851,2,101470.0,0,1,0,0,1,1,1,1,49.188749,-122.802697,1,"#1011 10355 152nd STREET GUILDFORD TOWNE CENTRE SURREY, British Columbia V3R 7C1 - Canada",104457,1,6045845404,,7
55,0,49.2848332,-123.1209459,Tim Hortons,"{u'cuisine': u'coffee_shop', u'addr:city': u'Vancouver', u'addr:province': u'BC', u'opening_hours': u'24/7', u'brand': u'Tim Hortons', u'brand:wikidata': u'Q175106', u'takeaway': u'yes', u'brand:wikipedia': u'en:Tim Hortons'}",2020-03-11 11:43:09,170,restaurant_68215,2,101442.0,0,1,0,0,1,1,1,1,49.284677,-123.12063700000002,1,"Ground Level - 1055 GEORGIA ST W VANCOUVER, British Columbia V6E 3P3 - Canada",102467,0,6046870348,,8
56,0,49.033597,-122.8014115,Tim Hortons,"{u'addr:housenumber': u'1767', u'addr:postcode': u'V4A 4N3', u'internet_access': u'wlan', u'addr:street': u'152 Street'}",2018-08-13 02:42:57,60,restaurant_66523,2,102135.0,0,1,0,0,1,1,1,1,49.033465,-122.801432,1,"1767 152nd STREET SURREY, British Columbia V4A 4N3 - Canada",100446,1,6045315111,,4
57,0,49.2469482,-122.749874,Tim Hortons,"{u'cuisine': u'coffee_shop', u'drive_through': u'yes', u'brand': u'Tim Hortons', u'brand:wikidata': u'Q175106', u'takeaway': u'yes', u'brand:wikipedia': u'en:Tim Hortons'}",2020-02-22 10:15:31,54,restaurant_67764,0,101343.0,0,1,0,0,1,1,1,1,49.246853,-122.74962099999999,1,"1320 KINGSWAY AVENUE PORT COQUITLAM, British Columbia V3C 1S2 - Canada",101911,1,6044688870,,6
58,0,49.219026,-122.9666739,Tim Hortons,"{u'cuisine': u'coffee_shop', u'brand': u'Tim Hortons', u'brand:wikidata': u'Q175106', u'takeaway': u'yes', u'internet_access': u'wlan', u'brand:wikipedia': u'en:Tim Hortons'}",2019-07-02 08:21:58,111,restaurant_66279,2,100045.0,0,1,0,1,1,1,1,1,49.218924,-122.96653500000001,1,"6641 KINGSWAY BURNABY, British Columbia V5E 1E2 - Canada",100115,2,6044375125,,6
59,0,49.0406965,-122.2203188,Tim Hortons,"{u'cuisine': u'coffee_shop', u'brand': u'Tim Hortons', u'brand:wikipedia': u'en:Tim Hortons', u'brand:wikidata': u'Q175106', u'takeaway': u'yes'}",2019-06-18 06:13:28,2,restaurant_66754,0,101327.0,1,1,0,0,1,1,1,1,49.040603999999995,-122.22039299999999,1,"2054 WHATCOM RD UNIT 1 ABBOTSFORD, British Columbia V2S 4N4 - Canada",100734,1,6048559655,,5
60,0,49.1821446,-122.8439927,Tim Hortons,"{u'addr:housenumber': u'9900', u'cuisine': u'coffee_shop', u'addr:city': u'Surrey', u'brand': u'Tim Hortons', u'brand:wikidata': u'Q175106', u'takeaway': u'yes', u'brand:wikipedia': u'en:Tim Hortons', u'addr:street': u'King George Boulevard'}",2019-09-13 20:57:04,78,restaurant_75997,2,100775.0,0,1,0,0,1,1,1,1,49.182237,-122.844626,1,"9900 King George Blvd Surrey, British Columbia V3T 4Y3 - Canada",106868,0,604.582.9449,,8
61,0,49.2117388,-122.8624839,Tim Hortons,"{u'addr:housenumber': u'12925', u'addr:city': u'Surrey', u'addr:street': u'115 Avenue'}",2019-09-13 20:57:04,85,restaurant_75898,2,102258.0,0,1,0,0,1,1,1,0,49.211645000000004,-122.862356,1,"12925 115th Avenue Surrey, British Columbia V3R 0E2 - Canada",107386,0,604-589-8354,,3
62,0,49.2658085,-123.1223088,Tim Hortons,"{u'addr:housenumber': u'818', u'cuisine': u'coffee_shop', u'addr:city': u'Vancouver', u'brand': u'Tim Hortons', u'brand:wikidata': u'Q175106', u'takeaway': u'yes', u'brand:wikipedia': u'en:Tim Hortons', u'addr:street': u'West 6th Avenue'}",2019-09-13 20:57:04,168,restaurant_75836,2,100007.0,0,1,0,1,1,1,1,0,49.266021,-123.122437,1,"818 West 6th street Vancouver, British Columbia V5Z 1A6 - Canada",107535,0,6045640440,,8
63,0,49.2015761,-122.912837,Tim Hortons,"{u'addr:housenumber': u'888', u'cuisine': u'coffee_shop', u'addr:unit': u'205', u'addr:city': u'New Westminster', u'addr:postcode': u'V3M 0C6', u'brand': u'Tim Hortons', u'brand:wikidata': u'Q175106', u'takeaway': u'yes', u'brand:wikipedia': u'en:Tim Hortons', u'addr:street': u'Carnarvon Street'}",2019-09-13 20:57:04,99,restaurant_69754,2,100013.0,1,1,0,0,1,1,1,1,49.201676,-122.91274399999999,1,"800 CARNARVON ST -UNIT#205 NEW WESTMINSTER, British Columbia V3M 0C3 - Canada",104817,3,6045231647,,10
64,0,49.2850471,-123.1120652,Tim Hortons,"{u'website': u'https://www.timhortons.com/', u'cuisine': u'coffee_shop', u'source:location': u'gps', u'brand': u'Tim Hortons', u'source': u'survey', u'brand:wikidata': u'Q175106', u'takeaway': u'yes', u'operator': u'Restaurant Brands International Inc.', u'internet_access': u'wlan', u'brand:wikipedia': u'en:Tim Hortons'}",2019-08-30 00:30:29,160,restaurant_68828,2,101442.0,0,1,0,0,1,1,1,1,49.285165,-123.11251100000001,1,"555 HASTINGS STREET WEST VANCOUVER, British Columbia V6B 5K3 - Canada",102867,0,6046420348,,10
65,0,49.2792354,-123.1227256,Tim Hortons,"{u'website': u'https://www.timhortons.ca/', u'cuisine': u'coffee_shop', u'drive_through': u'no', u'addr:city': u'Vancouver', u'opening_hours': u'Mo-Su 05:00-00:00', u'brand': u'Tim Hortons', u'addr:housenumber': u'998', u'brand:wikidata': u'Q175106', u'takeaway': u'yes', u'operator': u'Restaurant Brands International Inc.', u'addr:street': u'Granville Street', u'brand:wikipedia': u'en:Tim Hortons'}",2019-08-30 00:51:24,173,restaurant_69697,2,100007.0,0,1,0,0,1,1,1,1,49.279540999999995,-123.123108,1,"998 GRANVILLE ST VANCOUVER, British Columbia V6Z 1L2 - Canada",104944,3,604-336-9910,,12
66,0,49.103395,-122.4903841,Tim Hortons,"{u'addr:housenumber': u'26474', u'cuisine': u'coffee_shop', u'addr:street': u'56 Avenue', u'outdoor_seating': u'no', u'brand:wikidata': u'Q175106', u'takeaway': u'yes', u'smoking': u'no', u'internet_access': u'wlan', u'brand': u'Tim Hortons', u'brand:wikipedia': u'en:Tim Hortons'}",2019-09-26 03:03:29,19,restaurant_68364,0,101902.0,0,1,0,0,0,1,0,1,49.103398,-122.490554,1,"26474 56TH AVENUE LANGLEY, British Columbia V4W 3Z3 - Canada",102313,1,6048570535,,10
67,0,49.1928452,-122.8890116,Tim Hortons,"{u'addr:housenumber': u'10390', u'website': u'https://www.timhortons.com/', u'cuisine': u'coffee_shop', u'opening_hours': u'24/7', u'addr:street': u'Scott Road', u'phone': u'+1-604-582-2799', u'brand:wikidata': u'Q175106', u'takeaway': u'yes', u'internet_access': u'wlan', u'brand': u'Tim Hortons', u'brand:wikipedia': u'en:Tim Hortons'}",2019-06-17 05:03:28,93,restaurant_69498,0,101470.0,0,1,0,0,1,1,1,1,49.192809000000004,-122.88911599999999,1,"10390 120TH STREET SURREY, British Columbia V3R 1N6 - Canada",104103,2,6045822799,,11
68,0,49.1776017,-122.6720141,Tim Hortons,"{u'addr:housenumber': u'19875', u'cuisine': u'coffee_shop', u'internet_access': u'wlan', u'brand': u'Tim Hortons', u'brand:wikidata': u'Q175106', u'takeaway': u'yes', u'brand:wikipedia': u'en:Tim Hortons', u'addr:street': u'96 Avenue'}",2019-06-07 20:28:04,40,restaurant_67190,0,101899.0,1,1,0,0,1,1,1,1,49.177638,-122.67205200000001,1,"19875 96 AVE LANGLEY, British Columbia V1M 3C7 - Canada",101468,1,6045139908,,8
69,0,49.2321736,-123.0312269,Tim Hortons,"{u'addr:housenumber': u'3451', u'cuisine': u'coffee_shop', u'addr:city': u'Vancouver', u'addr:postcode': u'V5R 5L3', u'brand': u'Tim Hortons', u'phone': u'+1-604-438-1897', u'brand:wikidata': u'Q175106', u'takeaway': u'yes', u'brand:wikipedia': u'en:Tim Hortons', u'addr:street': u'Kingsway'}",2019-05-27 10:58:24,126,restaurant_69887,2,101992.0,0,1,0,0,1,1,1,1,49.232052,-123.03130900000001,1,"3451 KINGSWAY VANCOUVER, British Columbia V5R 5L3 - Canada",105885,3,6044381897,,10
70,0,49.155787,-122.9116059,Tim Hortons,"{u'cuisine': u'coffee_shop', u'brand': u'Tim Hortons', u'brand:wikipedia': u'en:Tim Hortons', u'brand:wikidata': u'Q175106', u'takeaway': u'yes'}",2019-06-25 04:43:20,98,restaurant_70071,2,101899.0,0,1,0,0,1,1,1,1,49.15574,-122.912103,1,"8380 112 ST, UNIT 130 DELTA, British Columbia V4C 7A2 - Canada",105339,1,6045981154,,5
71,0,49.2092621,-123.1166316,Tim Hortons,"{u'addr:housenumber': u'487', u'cuisine': u'coffee_shop', u'level': u'1', u'brand': u'Tim Hortons', u'brand:wikidata': u'Q175106', u'takeaway': u'yes', u'brand:wikipedia': u'en:Tim Hortons', u'addr:street': u'Interurban Way'}",2019-05-30 00:42:02,155,restaurant_70110,2,101768.0,0,1,0,0,1,1,1,0,49.209207,-123.116803,1,"487 INTERURBAN WAY VANCOUVER, British Columbia V5X 0C5 - Canada",105239,0,6043252889,,8
72,0,49.0304235,-122.7920135,Tim Hortons,"{u'website': u'https://www.timhortons.com/', u'cuisine': u'coffee_shop', u'operator': u'Restaurant Brands International Inc.', u'internet_access': u'wlan'}",2019-02-18 23:35:58,57,restaurant_68562,2,100999.0,0,0,0,0,1,0,1,0,49.030418,-122.791977,0,"15521 RUSSELL AVE WHITE ROCK, British Columbia V4B 2R4 - Canada",102631,1,6044126368,,4
73,0,49.190133,-122.8005562,Tim Hortons,"{u'website': u'https://www.timhortons.com/', u'cuisine': u'coffee_shop', u'drive_through': u'no', u'addr:city': u'Surrey', u'addr:postcode': u'V3R 4G8', u'wheelchair': u'yes', u'addr:housenumber': u'10320', u'opening_hours': u'24/7', u'delivery': u'no', u'phone': u'+1-604-581-7722', u'addr:street': u'152 Street', u'brand:wikidata': u'Q175106', u'takeaway': u'yes', u'smoking': u'no', u'internet_access': u'wlan', u'brand': u'Tim Hortons', u'brand:wikipedia': u'en:Tim Hortons'}",2019-09-13 20:56:58,67,restaurant_68584,2,101470.0,0,1,0,0,1,1,1,1,49.189966999999996,-122.800716,1,"10320 152 STREET SURREY, British Columbia V3R 4G8 - Canada",102608,1,6045817722,,17
74,0,49.2874193,-123.1145811,Tim Hortons,"{u'cuisine': u'coffee_shop', u'addr:city': u'Vancouver', u'brand': u'Tim Hortons', u'brand:wikidata': u'Q175106', u'takeaway': u'yes', u'brand:wikipedia': u'en:Tim Hortons'}",2019-11-12 07:55:54,161,restaurant_68755,2,101442.0,0,1,0,0,1,1,1,1,49.287639,-123.11460100000001,1,"200 BURRARD STREET VANCOUVER, British Columbia V6C 3L6 - Canada",102940,0,6046920348,,6
75,0,49.0249232,-123.0690851,Tim Hortons,"{u'brand': u'Tim Hortons', u'brand:wikidata': u'Q175106', u'brand:wikipedia': u'en:Tim Hortons'}",2019-05-06 06:00:33,131,restaurant_68325,2,101139.0,0,1,0,0,1,1,1,1,49.024912,-123.06919599999999,1,"1211 56TH STREET Tsawwassen, British Columbia V4L 2A6 - Canada",102356,1,6049482356,,3
76,0,49.2721608,-123.0977203,Tim Hortons,"{u'addr:housenumber': u'306', u'website': u'https://www.timhortons.com/', u'cuisine': u'coffee_shop', u'opening_hours': u'24/7', u'brand': u'Tim Hortons', u'brand:wikidata': u'Q175106', u'takeaway': u'yes', u'operator': u'Restaurant Brands International Inc.', u'internet_access': u'wlan', u'brand:wikipedia': u'en:Tim Hortons'}",2020-06-12 03:24:10,151,restaurant_69344,2,101573.0,0,1,0,0,1,1,1,1,49.27195,-123.09793799999998,1,"306 TERMINAL AVENUE VANCOUVER, British Columbia V6A 3W9 - Canada",103384,2,6046815488,,10
77,0,49.2776017,-123.1272193,Tim Hortons,"{u'website': u'https://www.timhortons.com/', u'cuisine': u'coffee_shop', u'addr:city': u'Vancouver', u'opening_hours': u'24/7', u'wheelchair': u'yes', u'addr:housenumber': u'756', u'brand:wikidata': u'Q175106', u'takeaway': u'yes', u'operator': u'Restaurant Brands International Inc.', u'addr:street': u'Davie Street', u'brand': u'Tim Hortons', u'brand:wikipedia': u'en:Tim Hortons'}",2019-09-19 06:00:49,177,restaurant_69364,2,102553.0,0,1,0,0,1,1,1,1,49.277828,-123.127051,1,"756 DAVIE STREET VANCOUVER, British Columbia V6G 1B6 - Canada",103351,0,6045693301,,12
78,0,49.0458048,-122.7755207,Tim Hortons,"{u'addr:housenumber': u'16141', u'website': u'https://www.timhortons.com/', u'cuisine': u'coffee_shop', u'addr:street': u'24 Avenue', u'brand:wikidata': u'Q175106', u'takeaway': u'yes', u'operator': u'Restaurant Brands International Inc.', u'internet_access': u'wlan', u'brand': u'Tim Hortons', u'brand:wikipedia': u'en:Tim Hortons'}",2019-07-26 02:09:35,51,restaurant_68897,2,101683.0,0,1,0,0,1,1,1,1,49.046021,-122.775608,1,"16141 24TH AVENUE SURREY, British Columbia V3S 9H7 - Canada",103304,2,6045353288,,10
79,1,49.2233012,-122.671355,Tim Hortons,{},2014-01-26 16:56:13,42,restaurant_68825,0,101625.0,0,1,0,0,1,1,1,1,49.223478,-122.67132,1,"19800 LOUGHEED HWY PITT MEADOWS, British Columbia V3Y 2W1 - Canada",102870,1,6044653009,,0
80,0,49.3117019,-123.0804308,Tim Hortons,"{u'addr:housenumber': u'132', u'cuisine': u'coffee_shop;sandwich;donuts;baked_goods', u'addr:unit': u'112', u'addr:city': u'North Vancouver', u'opening_hours': u'Mo-Su 05:00-22:00', u'addr:postcode': u'V7M 1A2', u'addr:street': u'West Esplanade Street'}",2019-09-13 20:57:05,147,restaurant_68941,2,101131.0,0,1,0,0,1,1,1,1,49.311425,-123.08053100000001,1,"132 ESPLANADE WEST NORTH VANCOUVER, British Columbia V7M 1A2 - Canada",103255,3,6049805085,,7
81,0,49.111986,-122.6447076,Tim Hortons,"{u'addr:housenumber': u'6036', u'cuisine': u'coffee_shop', u'addr:street': u'Glover Road', u'internet_access:fee': u'yes', u'brand:wikidata': u'Q175106', u'takeaway': u'yes', u'internet_access': u'no', u'brand': u'Tim Hortons', u'brand:wikipedia': u'en:Tim Hortons'}",2019-06-07 20:28:04,27,restaurant_69206,0,101211.0,0,1,0,0,1,1,1,0,49.113058,-122.64431599999999,1,"6036 GLOVER RD, UNIT 6015 LANGLEY, British Columbia V2Y 2P3 - Canada",103651,1,6045336625,,9
82,0,49.3065535,-123.0345882,Tim Hortons,"{u'cuisine': u'coffee_shop', u'brand': u'Tim Hortons', u'brand:wikipedia': u'en:Tim Hortons', u'brand:wikidata': u'Q175106', u'takeaway': u'yes'}",2019-09-25 03:02:40,132,restaurant_67999,0,102160.0,0,1,0,0,1,1,1,1,49.306632,-123.034646,1,"1384 MAIN STREET NORTH VANCOUVER, British Columbia V7J 1C6 - Canada",102175,1,6049249897,,5
83,0,49.3225344,-123.0726516,Tim Hortons,"{u'cuisine': u'coffee_shop', u'brand': u'Tim Hortons', u'brand:wikipedia': u'en:Tim Hortons', u'brand:wikidata': u'Q175106', u'takeaway': u'yes'}",2019-07-08 05:34:44,142,restaurant_68988,2,101126.0,0,1,0,0,1,1,1,1,49.322590000000005,-123.07246299999998,1,"1509 LONSDALE AVENUE NORTH VANCOUVER, British Columbia V7M 2J2 - Canada",103208,3,6049853658,,5
84,0,49.2809701,-123.107834,Tim Hortons,"{u'addr:housenumber': u'108', u'cuisine': u'coffee_shop', u'addr:city': u'Vancouver', u'opening_hours': u'24/7', u'brand': u'Tim Hortons', u'brand:wikidata': u'Q175106', u'takeaway': u'yes', u'brand:wikipedia': u'en:Tim Hortons', u'addr:street': u'West Pender Street'}",2020-02-23 15:08:36,156,restaurant_69856,2,101386.0,0,1,0,0,1,1,1,1,49.28103,-123.10779,1,"108 WEST PENDER VANCOUVER, British Columbia V6B 0K4 - Canada",104443,3,6045689262,,9
85,0,49.2154085,-122.9240433,Tim Hortons,"{u'cuisine': u'coffee_shop', u'brand': u'Tim Hortons', u'brand:wikipedia': u'en:Tim Hortons', u'brand:wikidata': u'Q175106', u'takeaway': u'yes'}",2019-07-10 11:41:29,103,restaurant_68142,2,100049.0,0,1,0,0,0,1,1,1,49.2154,-122.92397199999999,1,"780 6TH ST NEW WESTMINSTER, British Columbia V3L 3C7 - Canada",102540,1,6045166443,,5
86,0,49.2638336,-123.1407841,Tim Hortons,"{u'website': u'https://www.timhortons.com/', u'cuisine': u'coffee_shop', u'opening_hours': u'24/7', u'brand': u'Tim Hortons', u'brand:wikidata': u'Q175106', u'takeaway': u'yes', u'operator': u'Restaurant Brands International Inc.', u'brand:wikipedia': u'en:Tim Hortons'}",2019-08-30 01:25:42,182,restaurant_69035,2,100008.0,0,1,0,0,1,1,1,1,49.263842,-123.14092099999999,1,"1595 WEST BROADWAY VANCOUVER, British Columbia V6J 1W6 - Canada",103161,0,6047377714,,8
87,1,49.0251321,-122.2661425,Tim Hortons,"{u'website': u'https://www.timhortons.com/', u'cuisine': u'donut', u'drive_through': u'yes', u'internet_access:fee': u'no', u'opening_hours': u'24/7', u'phone': u'+1-604-855-1703', u'operator': u'Restaurant Brands International', u'ref': u'101727', u'internet_access': u'wlan'}",2019-02-18 23:18:17,3,restaurant_67444,0,101313.0,0,1,0,0,1,1,1,1,49.025079999999996,-122.265952,1,"1255 SUMAS WAY ABBOTSFORD, British Columbia V2S 7P5 - Canada",101727,1,6048551703,,9
88,0,49.1346168,-122.303079,Tim Hortons,"{u'website': u'https://www.timhortons.com/', u'cuisine': u'coffee_shop', u'brand': u'Tim Hortons', u'brand:wikidata': u'Q175106', u'takeaway': u'yes', u'operator': u'Restaurant Brands International Inc.', u'brand:wikipedia': u'en:Tim Hortons'}",2020-05-07 16:11:26,7,restaurant_67561,2,102634.0,0,1,0,1,1,1,1,1,49.134574,-122.303003,1,"33291 1st AVE MISSION, British Columbia V2V 1J9 - Canada",101605,2,6048206360,,7
89,0,49.1864097,-122.8502764,Tim Hortons,"{u'addr:housenumber': u'10153', u'website': u'https://www.timhortons.com/', u'addr:city': u'Surrey', u'cuisine': u'coffee_shop', u'addr:street': u'King George Boulevard', u'phone': u'+1-604-582-9147', u'brand:wikidata': u'Q175106', u'takeaway': u'yes', u'internet_access': u'wlan', u'brand': u'Tim Hortons', u'brand:wikipedia': u'en:Tim Hortons'}",2019-06-25 07:59:54,82,restaurant_69050,2,100775.0,0,1,0,0,1,1,1,1,49.186321,-122.850481,1,"10153 KING GEORGE HIGHWAY SURREY, British Columbia V3T 2W1 - Canada",103146,0,6045829157,,11
90,0,49.249466,-123.1156479,Tim Hortons,"{u'cuisine': u'coffee_shop', u'brand': u'Tim Hortons', u'brand:wikipedia': u'en:Tim Hortons', u'brand:wikidata': u'Q175106', u'takeaway': u'yes'}",2019-07-27 11:34:11,159,restaurant_77369,2,100008.0,0,1,0,0,1,1,1,0,49.24935,-123.11699099999998,1,"4065 Cambie Street VANCOUVER, British Columbia V5Z 0G9 - Canada",108408,0,604 428 2768,,5
91,0,49.0404879,-123.0897972,Tim Hortons,"{u'addr:housenumber': u'4949', u'cuisine': u'coffee_shop', u'addr:unit': u'2202', u'brand': u'Tim Hortons', u'brand:wikidata': u'Q175106', u'takeaway': u'yes', u'brand:wikipedia': u'en:Tim Hortons', u'addr:street': u'Canoe Pass Way'}",2020-04-19 06:45:02,137,restaurant_75559,0,101139.0,0,1,0,0,1,1,1,1,49.041004,-123.08995300000001,1,"2202-4949 Canoe Pass Way TSAWWASSEN, British Columbia V4M 0B2 - Canada",105607,0,6043833888,,8
92,0,49.2812759,-123.0464917,Tim Hortons,"{u'addr:housenumber': u'2801', u'cuisine': u'coffee_shop', u'addr:city': u'Vancouver', u'brand': u'Tim Hortons', u'brand:wikidata': u'Q175106', u'takeaway': u'yes', u'brand:wikipedia': u'en:Tim Hortons', u'addr:street': u'East Hastings Street'}",2019-11-01 06:04:22,135,restaurant_75750,2,100025.0,0,1,0,0,1,1,1,1,49.281196,-123.04639399999999,1,"2801 East Hastings Vancouver, British Columbia V5K 2A1 - Canada",107680,0,604-254-2735,,8
93,0,49.278021,-122.9094238,Tim Hortons,"{u'cuisine': u'coffee_shop', u'brand': u'Tim Hortons', u'outdoor_seating': u'yes', u'brand:wikidata': u'Q175106', u'takeaway': u'yes', u'brand:wikipedia': u'en:Tim Hortons'}",2020-01-18 17:03:22,100,restaurant_75752,2,100438.0,0,1,0,0,1,1,1,0,49.278194,-122.909897,1,"#101-9055 University High Street Burnaby, British Columbia V5A 0A7 - Canada",107678,0,(604) 298-6343,,6
94,0,49.1343267,-122.8859602,Tim Hortons,"{u'addr:housenumber': u'12169', u'cuisine': u'coffee_shop', u'addr:city': u'Surrey', u'brand': u'Tim Hortons', u'surrey:date': u'20010808', u'source': u'City of Surrey 2010 GIS Data', u'brand:wikidata': u'Q175106', u'takeaway': u'yes', u'brand:wikipedia': u'en:Tim Hortons', u'surrey:addrid': u'46415', u'addr:street': u'72 Avenue'}",2019-06-25 09:54:10,88,restaurant_68002,0,102078.0,0,1,0,0,1,1,1,1,49.134478,-122.88600500000001,1,"12169 72ND AVENUE SURREY, British Columbia V3W 2M1 - Canada",102172,2,6045012253,,11
95,0,49.2561422,-123.1855168,Tim Hortons,"{u'addr:housenumber': u'3463', u'website': u'https://www.timhortons.com/', u'cuisine': u'coffee_shop', u'brand': u'Tim Hortons', u'brand:wikidata': u'Q175106', u'takeaway': u'yes', u'operator': u'Restaurant Brands International Inc.', u'brand:wikipedia': u'en:Tim Hortons', u'addr:street': u'Dunbar Street'}",2019-08-30 02:07:45,193,restaurant_68646,2,100008.0,0,1,0,1,1,1,1,1,49.256157,-123.185166,1,"3463 DUNBAR STREET VANCOUVER, British Columbia V6S 2C3 - Canada",103050,1,6042223130,,9
96,0,49.2830656,-123.1164538,Tim Hortons,"{u'addr:housenumber': u'678', u'cuisine': u'coffee_shop', u'addr:city': u'Vancouver', u'level': u'-1', u'addr:postcode': u'V6B 1N3', u'wheelchair': u'yes', u'outdoor_seating': u'no', u'opening_hours': u'Mo-Th 06:00-20:30; Fr 06:30-20:30; Sa-Su 08:00-20:00', u'phone': u'+16046940865', u'internet_access:fee': u'no', u'addr:street': u'Dunsmuir Street', u'brand:wikidata': u'Q175106', u'takeaway': u'yes', u'smoking': u'no', u'internet_access': u'yes', u'brand': u'Tim Hortons', u'brand:wikipedia': u'en:Tim Hortons'}",2019-12-04 12:08:42,164,restaurant_69006,2,101452.0,0,1,0,0,1,1,1,1,49.283359000000004,-123.116423,1,"678 DUNSMUIR VANCOUVER, British Columbia V6B 1N3 - Canada",103190,3,6046940865,,17
97,0,49.0308162,-122.8347837,Tim Hortons,"{u'brand': u'Tim Hortons', u'brand:wikidata': u'Q175106', u'brand:wikipedia': u'en:Tim Hortons'}",2019-01-15 01:16:34,71,restaurant_69581,2,100492.0,0,0,0,0,1,0,1,0,49.031088000000004,-122.834392,0,"1595 NICHOL ROAD WHITE ROCK, British Columbia V5J 1A1 - Canada",103920,1,6045311011,,3
98,0,49.2057308,-123.0105665,Tim Hortons,"{u'addr:housenumber': u'8607', u'cuisine': u'coffee_shop', u'addr:city': u'Burnaby', u'brand': u'Tim Hortons', u'brand:wikidata': u'Q175106', u'takeaway': u'yes', u'brand:wikipedia': u'en:Tim Hortons', u'addr:street': u'Glenlyon Parkway'}",2019-09-13 20:57:07,118,restaurant_76130,2,100438.0,0,1,0,0,1,1,1,1,49.205843,-123.010754,1,"8607 Glenlyon Parkway Burnaby, British Columbia V5J 0B6 - Canada",106057,0,604 435 0402,,8
99,1,49.0605563,-122.38281,Tim Hortons,"{u'website': u'https://www.timhortons.com/ca/en/locations/get-directions.php?id=101382', u'opening_hours': u'Su-Th 10:00-23:00, Fr,Sa 10:00-24:00'}",2019-02-18 23:28:31,16,restaurant_67255,0,101564.0,1,1,0,0,1,1,1,1,49.060549,-122.38299099999999,1,"30340 AUTOMALL DRIVE ABBOTSFORD, British Columbia V2T 5M1 - Canada",101382,1,6048577733,,2
100,0,49.2821466,-123.1185541,Tim Hortons,"{u'cuisine': u'coffee_shop', u'description': u'The Tim Hortons is located underground between the Canada Line and the Vancouver Centre Mall.', u'level': u'-1', u'brand': u'Tim Hortons', u'brand:wikidata': u'Q175106', u'takeaway': u'yes', u'ref': u'3719', u'brand:wikipedia': u'en:Tim Hortons'}",2019-08-30 00:51:24,166,restaurant_69162,2,100011.0,0,1,0,0,1,1,1,0,49.282405,-123.118486,1,"650 GEORGIA STREET W VANCOUVER, British Columbia V6B 4N7 - Canada",103719,3,6046324626,,8
101,0,49.058254,-122.8022881,Tim Hortons,"{u'addr:housenumber': u'3077', u'cuisine': u'coffee_shop', u'drive_through': u'yes', u'opening_hours': u'24/7', u'addr:street': u'152 Street', u'brand:wikidata': u'Q175106', u'takeaway': u'yes', u'internet_access': u'wlan', u'brand': u'Tim Hortons', u'brand:wikipedia': u'en:Tim Hortons'}",2019-06-29 00:45:46,63,restaurant_68001,0,101683.0,0,1,0,0,1,1,1,1,49.058132,-122.802342,1,"3077 152 STREET SURREY, British Columbia V4P 3K1 - Canada",102173,1,6045388198,,10
102,0,49.1625893,-122.7914887,Tim Hortons,"{u'addr:housenumber': u'15551', u'website': u'https://www.timhortons.com/', u'cuisine': u'coffee_shop', u'opening_hours': u'24/7', u'addr:street': u'Fraser Highway', u'brand:wikidata': u'Q175106', u'takeaway': u'yes', u'operator': u'Restaurant Brands International Inc.', u'internet_access': u'wlan', u'brand': u'Tim Hortons', u'brand:wikipedia': u'en:Tim Hortons'}",2020-06-20 16:22:50,65,restaurant_66127,2,101486.0,0,1,0,0,1,1,1,1,49.162612,-122.79157099999999,1,"15551 FRASER HWY SURREY, British Columbia V3S 2V8 - Canada",100311,1,6045831332,,11
103,0,49.1348903,-122.8452133,Tim Hortons,"{u'addr:housenumber': u'7272', u'cuisine': u'coffee_shop', u'internet_access': u'wlan', u'brand': u'Tim Hortons', u'brand:wikidata': u'Q175106', u'takeaway': u'yes', u'brand:wikipedia': u'en:Tim Hortons', u'addr:street': u'King George Boulevard'}",2019-08-24 07:12:34,74,restaurant_69113,0,100775.0,1,1,0,0,1,1,1,1,49.134937,-122.8452,1,"7288 KING GEORGE BLVD SURREY, British Columbia V3W 5A5 - Canada",103083,0,6045965661,,8
104,0,49.2781671,-122.8141469,Tim Hortons,"{u'cuisine': u'coffee_shop', u'wheelchair': u'yes', u'internet_access:fee': u'no', u'brand:wikidata': u'Q175106', u'takeaway': u'yes', u'smoking': u'no', u'internet_access': u'yes', u'brand': u'Tim Hortons', u'brand:wikipedia': u'en:Tim Hortons'}",2019-09-24 03:17:12,73,restaurant_68556,0,102372.0,1,1,0,0,1,1,1,1,49.278275,-122.81448600000002,1,"2635 BARNET HWY COQUITLAM, British Columbia V3E 1K9 - Canada",102637,1,6049442637,,9
105,0,49.2811807,-123.1242771,Tim Hortons,"{u'addr:housenumber': u'947', u'cuisine': u'coffee_shop', u'drive_through': u'no', u'addr:city': u'Vancouver', u'opening_hours': u'Mo-Sa 06:00-21:00; Su,PH 07:00-21:00', u'addr:street': u'Hornby Street', u'delivery': u'no', u'brand:wikidata': u'Q175106', u'takeaway': u'yes', u'internet_access': u'wlan', u'brand': u'Tim Hortons', u'brand:wikipedia': u'en:Tim Hortons'}",2019-08-30 00:57:11,175,restaurant_68388,2,100931.0,0,1,0,0,1,1,1,1,49.281182,-123.12396299999999,1,"947 HORNBY ST VANCOUVER, British Columbia V6Z 1V3 - Canada",102807,3,6046424272,,12
106,0,49.1329601,-123.0981949,Tim Hortons,"{u'website': u'https://www.timhortons.com/', u'cuisine': u'coffee_shop', u'addr:city': u'Richmond', u'opening_hours': u'24/7', u'wheelchair': u'yes', u'addr:street': u'Steveston Highway', u'brand:wikidata': u'Q175106', u'takeaway': u'yes', u'operator': u'Restaurant Brands International Inc.', u'internet_access': u'wlan', u'brand': u'Tim Hortons', u'brand:wikipedia': u'en:Tim Hortons'}",2019-08-24 22:12:34,143,restaurant_67679,0,101717.0,0,1,0,0,1,1,1,1,49.132827,-123.098228,1,"11320 STEVESTON HWY RICHMOND, British Columbia V7A 5J5 - Canada",101990,1,6042778467,,12
107,0,49.2606832,-123.0332114,Tim Hortons,"{u'cuisine': u'coffee_shop', u'brand': u'Tim Hortons', u'brand:wikipedia': u'en:Tim Hortons', u'brand:wikidata': u'Q175106', u'takeaway': u'yes'}",2020-06-18 05:37:20,130,restaurant_88348,2,101126.0,0,1,0,0,1,1,1,0,49.26081,-123.03302,1,"2698 Rupert Street Vancouver, British Columbia V5M 2A4 - Canada",108167,0,6042157333,,5
108,0,49.2521186,-122.8933488,Tim Hortons,"{u'cuisine': u'coffee_shop', u'brand': u'Tim Hortons', u'brand:wikipedia': u'en:Tim Hortons', u'brand:wikidata': u'Q175106', u'takeaway': u'yes'}",2020-06-10 08:29:36,96,restaurant_69359,2,102064.0,0,1,0,0,1,1,1,1,49.252307,-122.893152,1,"3433 NORTH ROAD BURNABY, British Columbia V3J 1A2 - Canada",103356,1,6044150266,,5
109,0,49.2255268,-123.1018603,Tim Hortons,"{u'addr:housenumber': u'6507', u'cuisine': u'coffee_shop', u'addr:city': u'Vancouver', u'brand': u'Tim Hortons', u'brand:wikidata': u'Q175106', u'takeaway': u'yes', u'brand:wikipedia': u'en:Tim Hortons', u'addr:street': u'Main Street'}",2019-09-13 20:57:05,149,restaurant_77389,2,102326.0,0,1,0,0,1,1,1,1,49.225451,-123.101875,1,"6501 Main Street Vancouver, British Columbia V5X 3H1 - Canada",108430,0,604-423-4477,,8
110,0,49.2193523,-122.9277706,Tim Hortons,"{u'cuisine': u'coffee_shop', u'opening_hours': u'24/7', u'brand': u'Tim Hortons', u'brand:wikidata': u'Q175106', u'takeaway': u'yes', u'brand:wikipedia': u'en:Tim Hortons'}",2019-07-10 11:41:29,104,restaurant_75835,2,100049.0,0,1,0,0,1,1,1,1,49.219403,-122.92766200000001,1,"7880 6th Street Burnaby, British Columbia V3N 3N3 - Canada",107536,0,604 553 2220,,6
111,0,49.264044,-123.174166,Tim Hortons,"{u'addr:housenumber': u'3102', u'website': u'https://www.timhortons.com/', u'addr:city': u'Vancouver', u'cuisine': u'coffee_shop', u'brand': u'Tim Hortons', u'brand:wikidata': u'Q175106', u'takeaway': u'yes', u'operator': u'Restaurant Brands International Inc.', u'brand:wikipedia': u'en:Tim Hortons', u'addr:street': u'West Broadway'}",2019-09-13 20:56:49,191,restaurant_68793,2,100007.0,0,1,0,1,1,1,1,1,49.264044,-123.173992,1,"3102 WEST BROADWAY STREET VANCOUVER, British Columbia V6K 2H3 - Canada",102902,1,6047309700,,10
